Country Name,Country Code,Series Name,Series Code,1990 [YR1990],2000 [YR2000],2015 [YR2015],2016 [YR2016],2017 [YR2017],2018 [YR2018],2019 [YR2019],2020 [YR2020],2021 [YR2021],2022 [YR2022],2023 [YR2023],2024 [YR2024]
Afghanistan,AFG,GDP per capita growth (annual %),NY.GDP.PCAP.KD.ZG,..,..,-1.66505744749013,-0.300121027406746,-0.195569548342789,-1.71374269254262,0.856294729087764,-5.38251464221077,-22.5844818732987,-7.57666891152213,0.10609280092082,..
Albania,ALB,GDP per capita growth (annual %),NY.GDP.PCAP.KD.ZG,-11.1879052989609,8.14996793452505,3.81743447071763,5.52482598081943,4.88935288088643,5.28357949627288,3.64975808463876,-1.81016536329729,10.6641494274411,6.45698822084806,5.63293544264612,5.66395904797913
Algeria,DZA,GDP per capita growth (annual %),NY.GDP.PCAP.KD.ZG,-1.66808064996022,2.35726435010288,1.09962061859601,1.78594064734014,-0.541667024495979,-0.546019580108478,-0.939992962004737,-6.61247509707083,2.13263632683078,1.96825188100587,2.55120301943617,2.25996527082104
American Samoa,ASM,GDP per capita growth (annual %),NY.GDP.PCAP.KD.ZG,..,..,4.29662336687659,-0.488137584297121,-5.79936404816848,4.03850712136055,0.897584681397618,5.3517874262504,0.297884820349225,3.59327606262792,..,..
Andorra,AND,GDP per capita growth (annual %),NY.GDP.PCAP.KD.ZG,-0.119515604880633,3.56776571144128,3.63079793724701,3.69962046811506,-1.80605703312767,-0.30211930399588,0.265352820614368,-12.2238384935431,6.92704485233561,7.72123800096536,1.1232590791063,2.00678445056737
Angola,AGO,GDP per capita growth (annual %),NY.GDP.PCAP.KD.ZG,-6.670526972975,-0.302928309232016,-2.80470818378251,-5.15402904669538,-3.62286501702881,-3.96852454312942,-3.52900012504749,-7.1276148271679,-1.0943408561201,0.991406795873331,-1.80870334166293,1.29293270746824
Antigua and Barbuda,ATG,GDP per capita growth (annual %),NY.GDP.PCAP.KD.ZG,3.43486298151443,4.43708445751554,0.691094824520249,3.47228425039911,2.1461875762954,6.17448976886325,2.67761319425004,-19.2945462845167,7.58367481372255,8.53077119658229,1.90488641843235,3.15232127757128
Argentina,ARG,GDP per capita growth (annual %),NY.GDP.PCAP.KD.ZG,-3.91119229289714,-1.90684139222867,1.66091253843923,-3.02450095578762,1.91639608148853,-3.41553683867816,-2.69506723533574,-10.3361096878518,10.1485599877349,5.79747980169367,-2.13703473540124,-1.68352700528746
Armenia,ARM,GDP per capita growth (annual %),NY.GDP.PCAP.KD.ZG,..,4.13075887426186,3.51599547257022,0.611877151180408,7.96544606461424,5.56850117850011,7.83608438672164,-7.16866452731679,5.77142760758333,12.3383335576379,8.47902034166535,3.48421625230606
Aruba,ABW,GDP per capita growth (annual %),NY.GDP.PCAP.KD.ZG,0.134479696268457,6.51922376579444,2.55621874043514,0.469912651203259,3.48581549286742,3.0485184481057,0.951663645650427,-23.4662729790643,15.6755189518506,11.0385203097525,7.65763965694018,6.1817507755927
Australia,AUS,GDP per capita growth (annual %),NY.GDP.PCAP.KD.ZG,2.05133530941588,2.73354609011429,0.704511799724457,1.16312811538609,0.62251098729871,1.3466306507712,0.695209563773375,-1.35774770320791,1.86332687000336,2.91752727950202,1.09251403364293,-0.62779626326919
Austria,AUT,GDP per capita growth (annual %),NY.GDP.PCAP.KD.ZG,3.55354808185622,2.94168464206538,0.174259722821304,1.01887723192984,1.56430689663536,1.98626296400239,1.30350317565873,-6.70639361073974,4.4669658436443,4.32849751156559,-1.76308859891033,-1.15937778694629
Azerbaijan,AZE,GDP per capita growth (annual %),NY.GDP.PCAP.KD.ZG,..,10.1910292674816,-0.147024760133903,-4.14117487259738,-0.824348468311783,0.62488437469257,1.61582943287135,-4.85235140794201,5.15148935903709,4.673317967871,1.23267992863603,3.5728955022992
"Bahamas, The",BHS,GDP per capita growth (annual %),NY.GDP.PCAP.KD.ZG,-3.29619175946311,2.79090551843051,0.198544914739557,-1.84653148444181,2.728115494957,1.8159781736959,-1.33052999956263,-20.3291813559269,17.434844816468,10.5529690990486,2.55756046187126,2.90387123462988
Bahrain,BHR,GDP per capita growth (annual %),NY.GDP.PCAP.KD.ZG,0.893819936325329,2.55964691370853,-1.66329278716239,-0.0791098754103388,-0.457057166110175,1.91849572888873,3.38274086937953,-5.17307400932464,2.11919822497499,4.76451212539493,0.42885937985659,1.85390359869062
Bangladesh,BGD,GDP per capita growth (annual %),NY.GDP.PCAP.KD.ZG,3.54080541439843,3.38671358983686,5.60449539732434,6.16181560014782,5.68710307010265,6.44197494702485,6.97264399779152,2.58647816564581,6.07069417020969,6.00847462887278,4.4907040939439,2.96499837954917
Barbados,BRB,GDP per capita growth (annual %),NY.GDP.PCAP.KD.ZG,-3.48446373308893,4.62813476022488,-1.39790250487843,1.27579693620899,0.50241999615892,-1.46593817049695,0.050927970591033,-14.5139743585979,-0.255760855683505,17.1554586161249,2.90779617567229,2.43473383953297
Belarus,BLR,GDP per capita growth (annual %),NY.GDP.PCAP.KD.ZG,..,6.29963628199231,-3.9572512636508,-2.61191381567238,2.64480751685403,3.36999150781449,1.6513675093432,-0.251224685296094,3.29081749370279,-3.88854008026519,4.69120797390816,4.52996444880654
Belgium,BEL,GDP per capita growth (annual %),NY.GDP.PCAP.KD.ZG,2.8302678771237,3.46547823151502,0.887876358046185,0.682454832714654,1.08431151262542,1.41528937457539,1.89071932044187,-5.20244011003201,5.8180102265206,3.11948540770641,0.852949954251983,0.400004034972383
Belize,BLZ,GDP per capita growth (annual %),NY.GDP.PCAP.KD.ZG,8.92908092614448,8.63286312471467,0.623344723744751,-2.31386521552362,-4.06828153670182,-1.04044004654376,2.74257530356437,-14.6255152617956,16.6367646067625,7.24662103489808,-1.54675916595728,2.02408347328358
Benin,BEN,GDP per capita growth (annual %),NY.GDP.PCAP.KD.ZG,5.67842480823693,2.65043149973154,-1.18432043750336,0.361166139903119,2.67041720047298,3.73701554279164,3.98211326561793,1.12020264806804,4.41335435119757,3.58043408047179,3.70332512754182,4.84017869082697
Bermuda,BMU,GDP per capita growth (annual %),NY.GDP.PCAP.KD.ZG,-0.727990781411421,8.56055025926008,0.878744268938576,-0.633720640096868,3.40119187834931,-0.827444988688441,-0.124745932153232,-7.22554789447419,4.17701251227291,6.31013667887972,4.99991948921101,6.07418333747786
Bhutan,BTN,GDP per capita growth (annual %),NY.GDP.PCAP.KD.ZG,7.44206315606186,0.881596585426465,5.58370603464722,7.42464056841786,1.21137239128886,2.76296102776938,5.05479153201512,-10.8226112381065,3.68935319221934,4.47661599603487,3.90421522133049,..
Bolivia,BOL,GDP per capita growth (annual %),NY.GDP.PCAP.KD.ZG,2.45834978447405,0.762647490787714,3.27865155787241,2.7222071569043,2.68372843487559,1.40411994190022,0.0889440250061426,-13.7898619967426,8.91320528866063,2.54653335522636,1.11808728662825,-2.47074604396363
Bosnia and Herzegovina,BIH,GDP per capita growth (annual %),NY.GDP.PCAP.KD.ZG,..,4.66760700032494,5.65603511201289,4.59597025623206,4.57868807789549,5.10677209046635,4.16109545157208,-1.65750707667169,9.19342480517756,5.53111118093285,2.62616849156352,3.64904450955625
Botswana,BWA,GDP per capita growth (annual %),NY.GDP.PCAP.KD.ZG,3.87620060854523,-0.163772714868571,-6.19995412245493,5.69319455388396,2.6459126098983,2.72071433079989,1.57639094067899,-10.0332383222742,10.2596472128547,3.82363084321453,1.52893817984001,-4.56345490621125
Brazil,BRA,GDP per capita growth (annual %),NY.GDP.PCAP.KD.ZG,-6.04327176300885,2.96222044712435,-4.30639755989316,-4.01012719205779,0.587668928601474,1.09040860420944,0.562970836695342,-3.83550546624957,4.3179316178023,2.64631532426549,2.83370012768067,3.00083291987643
British Virgin Islands,VGB,GDP per capita growth (annual %),NY.GDP.PCAP.KD.ZG,..,..,..,..,..,..,..,..,..,..,..,..
Brunei Darussalam,BRN,GDP per capita growth (annual %),NY.GDP.PCAP.KD.ZG,-0.263026647451184,1.2515924816352,-1.68097052571925,-3.69864300009469,0.109331621558866,-1.09895909064488,2.72616506285996,0.0657353317528475,-2.53123842091919,-2.41660968862067,0.339025318690261,3.20430381881549
Bulgaria,BGR,GDP per capita growth (annual %),NY.GDP.PCAP.KD.ZG,-7.46320765365316,5.1050556930103,4.72028584001873,4.37288163509066,4.1152395764986,3.74323820792699,5.26897872493906,-2.15683103882644,8.54724211432547,4.76332108962356,1.97332516316222,3.47015122309477
Burkina Faso,BFA,GDP per capita growth (annual %),NY.GDP.PCAP.KD.ZG,-3.18766193398135,-1.10710660159205,0.888259827767996,2.9035090911533,3.21640521697573,3.76772678322459,3.24391866186016,-0.443420002406739,4.43100540861892,-0.693015914774818,0.688770925071964,2.47226549746027
Burundi,BDI,GDP per capita growth (annual %),NY.GDP.PCAP.KD.ZG,1.36304401339021,-2.89542791949714,-2.63843207790325,1.43842311150118,1.41976303921598,2.20950781918904,1.08494176938687,-2.56910007625271,0.462596741612089,-0.413741363752337,0.476410171242918,1.45654027332857
Cabo Verde,CPV,GDP per capita growth (annual %),NY.GDP.PCAP.KD.ZG,-1.35290150988138,12.5710382620585,0.922631249857901,4.24816232606327,4.48221093147532,3.60152349643896,6.80449531732363,-20.8937523404244,6.62540765957627,15.1545081084513,4.2751322057766,6.72368173800109
Cambodia,KHM,GDP per capita growth (annual %),NY.GDP.PCAP.KD.ZG,-2.97044816189582,8.25832877301973,5.652931676093,6.34300627617029,6.59196495590379,7.43177030242717,6.58272364852731,-4.96368199399319,1.57862051550094,3.74000920039251,3.66847775428445,4.68384949204055
Cameroon,CMR,GDP per capita growth (annual %),NY.GDP.PCAP.KD.ZG,-8.83238750824871,1.13442792226186,2.40123368709621,1.45711722669677,0.647004976201075,1.11514946861584,0.636415290549962,-2.43476031121681,0.631351991581198,1.04502997524601,0.652417560279119,0.854978148597212
Canada,CAN,GDP per capita growth (annual %),NY.GDP.PCAP.KD.ZG,-1.29644131211545,4.16394849476771,-0.11236916498423,-0.0982963624127819,1.8094644720755,1.28092659672814,0.429657601305934,-6.06240642306676,5.36528781293082,2.32641594463436,-1.37792078609685,-1.40934525428779
Cayman Islands,CYM,GDP per capita growth (annual %),NY.GDP.PCAP.KD.ZG,..,..,0.36080343256711,0.854492132236558,0.889647247053603,2.04406954881368,1.77641924268777,-6.83262932515115,2.73935936787683,3.58453531400384,3.71921512688289,..
Central African Republic,CAF,GDP per capita growth (annual %),NY.GDP.PCAP.KD.ZG,-5.14384284646127,-5.13401462675454,4.19878078824811,2.87598768927953,2.7861131027974,1.9780319759616,1.72290159793216,-0.744488614542561,-0.705468755505223,0.730965726740934,-0.362884514707787,-1.89436423949913
Chad,TCD,GDP per capita growth (annual %),NY.GDP.PCAP.KD.ZG,-6.79304926645887,-4.24950215625832,0.0674074942708955,-7.0850619018951,-4.81719581978666,2.24768972082788,2.04363651475524,-3.51319644461273,-3.10209208601812,0.591759077197977,-0.668864501806979,-0.831570679019237
Channel Islands,CHI,GDP per capita growth (annual %),NY.GDP.PCAP.KD.ZG,..,..,-0.0726855379298144,0.948076599842508,1.5363504960191,0.736021076194476,1.15023329351136,-9.22341035779262,9.60318203511517,5.0433512927915,3.42060523333167,..
Chile,CHL,GDP per capita growth (annual %),NY.GDP.PCAP.KD.ZG,1.88581611632009,3.72361873178446,1.11370445947465,0.52983351729867,-0.235110167425177,2.14988195463914,-0.962096016030856,-6.98113061984451,10.824550522267,1.64877813218645,-0.0196132258928543,2.09415451485827
China,CHN,GDP per capita growth (annual %),NY.GDP.PCAP.KD.ZG,2.42762639469862,7.73418016479314,6.35855026398104,6.16542718232793,6.24626618729064,6.25861232477357,5.6929006014863,2.09686667315867,8.47322717245602,3.14769982133814,5.52431494678926,5.10662482837367
Colombia,COL,GDP per capita growth (annual %),NY.GDP.PCAP.KD.ZG,2.14817587559615,1.25270223212341,2.06923227113727,1.08114925712198,-0.101221554133033,0.695264947238812,1.36014067984289,-8.50949477621059,9.5929782838861,6.18779953705864,-0.410230298426796,0.512522429942436
Comoros,COM,GDP per capita growth (annual %),NY.GDP.PCAP.KD.ZG,4.5640560053973,-2.88945143643761,-0.965303682858504,1.22276485365785,1.76756640070596,1.63835635175063,-0.178316983862871,-2.13464959719172,0.00413128531081952,0.633328895842794,1.03326243771184,1.40149842299931
"Congo, Dem. Rep.",COD,GDP per capita growth (annual %),NY.GDP.PCAP.KD.ZG,-9.61748597659816,-9.84965913371938,2.90483865777841,-3.09891686152069,0.498126250776636,2.57995294310305,-2.58176822938702,-2.41880983949436,3.03871005349485,5.84381468903847,5.05273224713814,2.74070877266892
"Congo, Rep.",COG,GDP per capita growth (annual %),NY.GDP.PCAP.KD.ZG,-1.84268984995809,3.53179165255042,-1.98214587471384,-10.8700508595295,-7.86139425991523,-4.6581397485937,-1.27988440285151,-8.48578578986992,-1.37465389510481,-0.927744025174505,-0.528875412706213,0.148777085583603
Costa Rica,CRI,GDP per capita growth (annual %),NY.GDP.PCAP.KD.ZG,0.969665370569189,1.87355738973982,2.55664330007954,3.1560705780562,3.17871970343413,1.69193410358987,1.56255641347028,-4.93444227198336,7.38823226408623,4.10345495842361,4.6227538695518,3.82533390959907
Cote d'Ivoire,CIV,GDP per capita growth (annual %),NY.GDP.PCAP.KD.ZG,-4.9093999603687,-2.98789209303686,4.14232947521536,4.10858359182184,4.42161228468103,2.05334874793748,3.96244737490909,-1.81621061689408,4.44709198559022,3.75602084648943,3.96403768538988,3.4679130572198
Croatia,HRV,GDP per capita growth (annual %),NY.GDP.PCAP.KD.ZG,..,3.96576608623806,3.54911571283303,4.59659233874163,4.95688757968964,4.26899051902303,4.12969919836404,-7.48668905832953,13.6550314478241,7.94395699321689,3.65290188342374,3.65195341396083
Cuba,CUB,GDP per capita growth (annual %),NY.GDP.PCAP.KD.ZG,-3.84822465768245,5.56315407850497,4.53753785531039,0.597183645134152,1.97075471516408,2.43656837458022,0.0532186639248664,-10.7383538682124,1.74778827156759,2.34839091134221,-1.5743835905819,-0.699961142159495
Curacao,CUW,GDP per capita growth (annual %),NY.GDP.PCAP.KD.ZG,..,..,-0.858779715385708,-2.1111613286577,-1.591163940253,-1.58863061888974,-2.04109605237927,-17.4108334756387,5.2218404810947,7.34318774336195,3.30385791508765,4.14273655709235
Cyprus,CYP,GDP per capita growth (annual %),NY.GDP.PCAP.KD.ZG,5.13997001219491,4.84416050602792,3.19512275980128,6.01835711404337,4.85340888107815,5.05105337795295,4.46826562163456,-4.51403585865228,9.74651161533515,6.27933971497492,1.63941638797075,2.29692759392108
Czechia,CZE,GDP per capita growth (annual %),NY.GDP.PCAP.KD.ZG,..,4.3027395227283,4.75262406436026,2.3840542545404,4.8945501951199,2.48698770067625,3.15874802851988,-5.53491969820153,5.93106968937249,1.24409473190281,-1.71985869478267,0.852606650391238
Denmark,DNK,GDP per capita growth (annual %),NY.GDP.PCAP.KD.ZG,1.49524829012768,3.37790720232864,1.38566632188861,2.27180151789635,2.39559065097636,1.35619600199787,1.34779245340653,-2.06613837683189,6.03966577353796,-0.344058639271637,-0.138322294600371,2.95776259160623
Djibouti,DJI,GDP per capita growth (annual %),NY.GDP.PCAP.KD.ZG,..,..,5.45836831293627,5.33331529745931,3.73971530980459,3.10861540140996,3.91378440928256,-0.306867602824667,2.91169899255628,3.70080389886223,5.33919577490653,5.53622497099775
Dominica,DMA,GDP per capita growth (annual %),NY.GDP.PCAP.KD.ZG,6.21436795036516,2.8764856526242,-3.42415928778391,2.6190351438682,-6.04609004192379,3.45033107598908,4.3983147374291,-15.323436855213,5.96160559948913,11.0179611001056,4.14467889969342,2.52288551933697
Dominican Republic,DOM,GDP per capita growth (annual %),NY.GDP.PCAP.KD.ZG,-7.42253842418627,2.96955695961634,5.76452490966611,5.54040978660888,2.80931921775627,5.95314205477773,3.81572682273033,-8.88467221699831,12.8319080410071,4.2328919676722,1.28564825764879,4.06915239840208
Ecuador,ECU,GDP per capita growth (annual %),NY.GDP.PCAP.KD.ZG,1.38509528648214,-0.648225387551591,-1.30274985042635,-2.12550882201938,4.36195467405905,-0.674558960176682,-1.51253154807527,-10.3108339169142,8.57789544186942,5.0282959697896,1.10230591349449,-2.84096326274179
"Egypt, Arab Rep.",EGY,GDP per capita growth (annual %),NY.GDP.PCAP.KD.ZG,2.61630325467065,4.09609057659976,2.20415858015615,2.24497375649698,2.12015477172733,3.35166753247044,3.71584088573542,1.88111975917718,1.76220484283698,5.01555864991792,2.02315842412948,0.639636335125445
El Salvador,SLV,GDP per capita growth (annual %),NY.GDP.PCAP.KD.ZG,2.87694943624557,0.626535379070958,2.05686593954016,2.25589267443243,2.0380895055328,2.30913946286621,2.39613321946494,-8.07562588564387,11.5271594106656,2.55237486650837,3.05826987824165,2.13954811058277
Equatorial Guinea,GNQ,GDP per capita growth (annual %),NY.GDP.PCAP.KD.ZG,-5.37648309315803,12.1516339606444,-12.4917142663428,-12.0971098998986,-8.94053555047577,-9.37041905185943,-8.52391282041842,-7.35874657366674,-1.56652040015599,0.661786258781987,-7.34984419720533,-1.49035168546814
Eritrea,ERI,GDP per capita growth (annual %),NY.GDP.PCAP.KD.ZG,..,-4.61837133772084,..,..,..,..,..,..,..,..,..,..
Estonia,EST,GDP per capita growth (annual %),NY.GDP.PCAP.KD.ZG,..,9.55642258870186,1.77141701957223,3.06301090349199,5.50685731354206,3.33940936378892,3.3419636171697,-3.07548007766944,8.14019436008853,-2.53754963208853,-4.26634480137913,-0.239652154313688
Eswatini,SWZ,GDP per capita growth (annual %),NY.GDP.PCAP.KD.ZG,16.2146112334514,0.72128383137229,1.12454682394791,2.34965752297238,2.74440888521023,-0.853481330729949,5.4445627805287,-3.9978006899122,3.03852368946784,-0.628894036514311,2.55749887128813,1.95346963066669
Ethiopia,ETH,GDP per capita growth (annual %),NY.GDP.PCAP.KD.ZG,-1.00646889295157,2.86806618904541,7.4680767605293,6.5099145630674,6.61862070026751,3.97407545942133,5.48664148021712,3.22311599492807,2.85565763078523,2.59539967644373,3.85475025230436,4.86819977515492
Faroe Islands,FRO,GDP per capita growth (annual %),NY.GDP.PCAP.KD.ZG,..,..,-0.0144355164052712,0.228366463809365,2.03503874879401,1.11936120181572,2.93184025686803,-3.08380364431427,3.62528832707658,2.67428116616695,2.20704087275618,0.351310487189679
Fiji,FJI,GDP per capita growth (annual %),NY.GDP.PCAP.KD.ZG,4.84299288693262,-2.76154290467852,4.38823265794895,2.38011625327333,5.40003492628165,3.99107263181943,-0.33408046448406,-17.1893281212242,-4.52835673234897,17.3979446832272,8.88313429271439,3.01375309468594
Finland,FIN,GDP per capita growth (annual %),NY.GDP.PCAP.KD.ZG,0.246189467799468,5.53441379935349,0.136127693741741,2.27754373131673,3.06123169296772,1.05884315705418,1.23812097519217,-2.63099855258851,2.46373050011893,0.489394588644501,-1.43236573890965,-0.227073487020519
France,FRA,GDP per capita growth (annual %),NY.GDP.PCAP.KD.ZG,2.268451182731,3.42869029655284,0.708030590350688,0.594243752389232,1.78779549384231,1.28216603702126,1.68870844116209,-7.74056751254994,6.50155219757207,2.20208858513766,1.16054609449012,0.925700761599856
French Polynesia,PYF,GDP per capita growth (annual %),NY.GDP.PCAP.KD.ZG,-1.90095853705124,1.63790019281309,1.26147120448255,1.82142796079958,3.95416021395157,1.90583847677253,2.97688844901971,-10.6298635700059,3.1505198503273,2.7222043522178,2.50230703778058,0.879141456817294
Gabon,GAB,GDP per capita growth (annual %),NY.GDP.PCAP.KD.ZG,2.34828480298293,-4.3871748201515,0.693296575495864,-0.79183198007,-2.16361774149249,-1.68804743568779,1.38257599119697,-4.15528083293282,-0.845244789196116,0.747533658794609,0.21097885846288,1.18835281747864
"Gambia, The",GMB,GDP per capita growth (annual %),NY.GDP.PCAP.KD.ZG,-0.696506329267095,2.65021456237223,1.25137248146628,-0.701007891119758,2.20807546707253,4.66787430455537,3.74848295956672,-1.7631871131438,2.79304588389131,3.07381399019251,3.50722684136977,3.17470253855478
Georgia,GEO,GDP per capita growth (annual %),NY.GDP.PCAP.KD.ZG,-14.7657166211898,3.84018024327052,3.18839294862944,3.38835328316745,5.14582677562736,6.10344745087359,5.56167165873158,-6.35478715206467,11.0650780067831,10.8422088053808,7.74568551727566,10.1519478105331
Germany,DEU,GDP per capita growth (annual %),NY.GDP.PCAP.KD.ZG,4.35163907238731,2.73729010710275,0.786705244581157,1.40038690062336,2.4144426920242,0.832212527052548,0.750266426253219,-4.21020011825779,3.86602720371127,1.83161439976671,-0.999929288913975,-0.769070552658818
Ghana,GHA,GDP per capita growth (annual %),NY.GDP.PCAP.KD.ZG,0.725670862009096,1.12706117579829,-0.208325820413904,1.04704406736222,5.78094585817396,4.01895338314475,4.39063133478864,-1.46830801654092,3.03800270044563,1.8305124767942,1.19022304172192,3.62907892202038
Gibraltar,GIB,GDP per capita growth (annual %),NY.GDP.PCAP.KD.ZG,..,..,..,..,..,..,..,..,..,..,..,..
Greece,GRC,GDP per capita growth (annual %),NY.GDP.PCAP.KD.ZG,-1.05223289834684,3.71272971778744,0.431225575747547,0.384851865059588,1.67402014860588,2.27195132202993,2.38497557963629,-9.00116455331775,9.98468495798464,6.85985632812138,2.42572335736084,2.10832570957629
Greenland,GRL,GDP per capita growth (annual %),NY.GDP.PCAP.KD.ZG,-12.1958664414579,6.93956723449121,-2.2149188822392,4.54780858066064,0.0776647739674274,0.89068474112419,2.46273159433217,-0.00176247850131972,1.12101711638257,1.99015372527471,0.504111002291438,..
Grenada,GRD,GDP per capita growth (annual %),NY.GDP.PCAP.KD.ZG,3.14269241499387,4.18122183760816,5.9402683055354,3.33052048330798,4.16002295455056,4.13321655238465,0.424779227477273,-14.0234896211443,4.38638000986352,7.10371866166386,4.37658936970584,3.85156239409045
Guam,GUM,GDP per capita growth (annual %),NY.GDP.PCAP.KD.ZG,..,..,1.18092123655293,0.591903022530076,1.34860712204592,-0.333833095467511,3.07547868580322,-10.7119946566793,1.07830501841417,4.17726586538778,..,..
Guatemala,GTM,GDP per capita growth (annual %),NY.GDP.PCAP.KD.ZG,0.255295713828147,1.17641998878537,2.20204503621608,0.803225184137091,1.22202117929733,1.69836306771796,2.44813633260803,-3.22007713683627,6.56016035862335,2.72968996454634,1.95109389659021,2.06653256614987
Guinea,GIN,GDP per capita growth (annual %),NY.GDP.PCAP.KD.ZG,0.7803800084003,0.512194741763963,1.2305341257089,8.01216245351651,7.51589992127235,3.68700873912611,2.9464024435663,2.06694997562413,2.96921009369555,1.423063279934,2.9750250246767,2.85590233664557
Guinea-Bissau,GNB,GDP per capita growth (annual %),NY.GDP.PCAP.KD.ZG,4.36956798137795,-0.908641384543557,3.4407197814937,2.81765698941554,2.14454305364472,1.32710524004433,2.89045755858285,0.563014905333631,2.72457259949626,3.18985313939591,3.47783594462953,1.87480874655408
Guyana,GUY,GDP per capita growth (annual %),NY.GDP.PCAP.KD.ZG,-2.42492513734094,-1.40881252207762,0.0833711927134857,3.15936322443832,3.06887182440371,1.39604562755792,3.25156178245531,43.5123463015091,18.8820438552858,62.1110713145037,33.0314424322445,43.0000937802239
Haiti,HTI,GDP per capita growth (annual %),NY.GDP.PCAP.KD.ZG,-1.02129198833929,-0.974737113523176,-0.0454395053176881,0.398402974127237,1.12394427912376,0.326678559605597,-2.98683711868885,-4.49816442182016,-2.92695804339543,-2.7846808475344,-2.99212843762332,-5.26984833324718
Honduras,HND,GDP per capita growth (annual %),NY.GDP.PCAP.KD.ZG,17.7981216590449,6.65751932854472,1.88202222037501,1.96051068302054,2.92107278326836,1.96196872528638,0.71936151617345,-10.5484174868395,10.7029903655951,2.41184551052402,1.8148973269289,1.82401839948827
"Hong Kong SAR, China",HKG,GDP per capita growth (annual %),NY.GDP.PCAP.KD.ZG,3.49742370976298,6.7184512388573,1.51995547711607,1.54454440525488,3.00148096033243,2.0272229246582,-2.39668495991923,-6.20876017979512,7.42950941492767,-2.80533347557801,0.621382102439426,2.66847024053622
Hungary,HUN,GDP per capita growth (annual %),NY.GDP.PCAP.KD.ZG,-2.49449922845264,4.68094650632939,4.03310873929586,2.83749039789862,4.47743568209606,5.82146361803679,5.2087641343076,-4.09730738033811,7.66253175353751,4.43277115645731,-0.683845867847779,0.8768874226772
Iceland,ISL,GDP per capita growth (annual %),NY.GDP.PCAP.KD.ZG,0.385665647091926,3.47861640541853,2.69299664107407,4.75387973177391,1.08598544714937,1.89500633642427,-1.06147502015334,-8.14886569197427,3.47038534143127,6.11928417467047,4.18792511132344,-1.18666721611689
India,IND,GDP per capita growth (annual %),NY.GDP.PCAP.KD.ZG,3.22351634312818,1.90763005816579,6.71566734640226,6.97394690929247,5.561185034605,5.29211971914722,2.79675759965889,-6.69047102833747,8.79093447676263,6.76238601727897,8.23053143349361,5.55042158511394
Indonesia,IDN,GDP per capita growth (annual %),NY.GDP.PCAP.KD.ZG,5.31384899911562,3.4278636272189,3.70583428895539,3.91054275495577,4.00109865179923,4.15930013909383,4.0413041818536,-2.89423403981894,2.97476192227879,4.52447576618876,4.16753001019646,4.1790017564892
"Iran, Islamic Rep.",IRN,GDP per capita growth (annual %),NY.GDP.PCAP.KD.ZG,10.3353954087594,4.29451656429561,-2.75798228082138,7.26636493161325,1.55521443456146,-4.96761764341849,-3.40863263146464,3.64198271829557,3.26912440288719,3.10702656058911,4.07166849975252,2.57740906823993
Iraq,IRQ,GDP per capita growth (annual %),NY.GDP.PCAP.KD.ZG,55.872942314425,13.0301611362924,-0.153622231589026,11.0984155585203,-3.98546687274897,0.267762550620816,3.14043943264693,-13.9675322686437,-0.74745630947109,5.51097802061808,-1.72015237086252,-3.6151190083088
Ireland,IRL,GDP per capita growth (annual %),NY.GDP.PCAP.KD.ZG,8.37500652483381,7.95480656981979,23.4520270725761,-0.0687294094505688,8.63259519638329,6.13694267880518,3.31840085150145,5.80801946810749,14.6467292457005,5.40228269492256,-4.34749825420604,0.997438539135004
Isle of Man,IMN,GDP per capita growth (annual %),NY.GDP.PCAP.KD.ZG,2.48469388635746,4.09055253299996,-0.0295616197691402,7.11503908245226,2.66187031478451,1.97434466746698,0.0733713448695283,-8.952853097019,3.78598283934312,-4.19501000433891,..,..
Israel,ISR,GDP per capita growth (annual %),NY.GDP.PCAP.KD.ZG,4.04507939070038,5.75056411535006,0.231915657737829,2.4319477135746,2.34341452190721,2.01931484013397,1.74945844686911,-3.73449084409626,7.56395048301559,4.19414564339442,-1.18723021329285,-0.396212603094554
Italy,ITA,GDP per capita growth (annual %),NY.GDP.PCAP.KD.ZG,1.90043980216616,3.83504714661416,1.03826511770654,1.42884453159633,1.79499729937032,0.581227670101029,1.13464411867925,-8.42323993924451,9.49416108466208,5.0334454866795,1.02611231433292,0.746500224061592
Jamaica,JAM,GDP per capita growth (annual %),NY.GDP.PCAP.KD.ZG,3.41413068657693,0.181209199316882,0.605132259299552,2.49050959451111,2.08054717136154,2.35833186418979,1.69497447065874,-8.54632871499803,5.44605052451513,6.38449296229192,2.72311612642515,-0.51363387005874
Japan,JPN,GDP per capita growth (annual %),NY.GDP.PCAP.KD.ZG,4.4936612037378,2.59289108643961,1.66846511717627,0.805362824501671,1.75861180168305,0.771168471505248,-0.262170828573062,-3.88641911578898,3.17001738751661,1.39102754851621,1.97080161121153,0.541366477991744
Jordan,JOR,GDP per capita growth (annual %),NY.GDP.PCAP.KD.ZG,-7.77277478563106,2.10734677821851,-5.58980174753611,-2.71126216102509,0.192083988017671,-0.302781677584093,-0.247049289948436,-2.86253982856009,1.77173055809841,0.915646680170994,1.23863426474166,1.48055685000026
Kazakhstan,KAZ,GDP per capita growth (annual %),NY.GDP.PCAP.KD.ZG,..,9.47962640033421,-0.299093532608879,-0.438395201172128,2.49076945691363,2.5560669084423,2.99405538115775,-3.86406094514987,2.91864170117744,1.70100297910589,3.57238732741942,3.66170013445029
Kenya,KEN,GDP per capita growth (annual %),NY.GDP.PCAP.KD.ZG,0.668332502815062,-2.38610693277963,2.65589352795405,1.93794795580835,1.60475183361922,3.52404781491717,3.07004769448449,-2.2103217118529,5.5651365159048,2.86281276489714,3.64425548577437,2.6946724258593
Kiribati,KIR,GDP per capita growth (annual %),NY.GDP.PCAP.KD.ZG,-8.52138201391774,4.95143441733177,9.84707092632536,5.58490333887225,2.19903908915526,1.94611498374204,1.73347401094057,-3.16991324997066,6.55480705923502,2.88966132985202,1.05564933854352,3.71119049431697
"Korea, Dem. People's Rep.",PRK,GDP per capita growth (annual %),NY.GDP.PCAP.KD.ZG,..,..,..,..,..,..,..,..,..,..,..,..
"Korea, Rep.",KOR,GDP per capita growth (annual %),NY.GDP.PCAP.KD.ZG,8.94633215523027,8.29254041446951,2.37903405951899,2.76290075939411,3.14298545917306,2.72979572830845,1.95849636720857,-0.837051834035137,4.747751556973,2.92034561376229,1.50434142529414,1.92783227201599
Kosovo,XKX,GDP per capita growth (annual %),NY.GDP.PCAP.KD.ZG,..,..,7.36815111994392,6.20761650241487,4.03838879864328,3.05752931278261,5.23669676312298,-5.40690184268419,10.9981400491097,5.33909761737917,9.35107522909426,10.3656494300073
Kuwait,KWT,GDP per capita growth (annual %),NY.GDP.PCAP.KD.ZG,-2.90644267442678,1.76596434147542,-3.83270102171981,-1.43152053599024,-8.16879129164303,-1.26570110779524,-0.471027490632153,-3.90774915473197,2.59077518987651,1.43711284054184,-7.01146413379739,-3.43244663969313
Kyrgyz Republic,KGZ,GDP per capita growth (annual %),NY.GDP.PCAP.KD.ZG,3.68716154101205,4.19610604345162,1.56807607660568,2.04985149948004,2.55837834194257,1.54586820248004,2.28120088774463,-9.03157714073227,3.58776993335192,7.03042869604123,7.10119376613466,7.19632406056586
Lao PDR,LAO,GDP per capita growth (annual %),NY.GDP.PCAP.KD.ZG,3.7107564838131,4.03726532497247,5.71702901311374,5.36288912313843,5.2271106715724,4.60986171989208,3.86091278109465,-0.986715601107164,1.06109059992194,1.2697005231296,2.31116087572821,2.725327025989
Latvia,LVA,GDP per capita growth (annual %),NY.GDP.PCAP.KD.ZG,..,6.86619861333267,4.63645212679371,3.49318640044002,4.31935869681359,5.12560422080688,1.37774612596324,-2.78996380720736,7.8481957927218,2.18545852350196,-1.16914941176928,0.89583858235207
Lebanon,LBN,GDP per capita growth (annual %),NY.GDP.PCAP.KD.ZG,24.0733625704812,-0.39180673260141,-1.48529943559267,3.95420458700914,3.57185811074811,1.00112836973221,-3.87037166908469,-20.1290983815185,-7.25697163046323,-1.07782192621244,-1.25912842069158,..
Lesotho,LSO,GDP per capita growth (annual %),NY.GDP.PCAP.KD.ZG,4.03788867674339,3.84034989034289,1.92251059472272,2.35363981271321,-4.33655999292874,-2.67593907523207,-2.56925986092637,-9.23727005298078,1.09935782526551,1.28745564005285,0.709359727084816,1.71259070592455
Liberia,LBR,GDP per capita growth (annual %),NY.GDP.PCAP.KD.ZG,-44.5522515525438,23.9409230680701,-2.06002320038729,-3.54590251888713,0.48341831127135,-0.802290167584516,-4.38160849244818,-4.97470394166794,2.7936852774608,2.585058275666,2.40186206516404,1.8018710155725
Libya,LBY,GDP per capita growth (annual %),NY.GDP.PCAP.KD.ZG,1.33273690708428,1.97930843294741,-2.43005265175647,-2.98083261952721,30.3950611263495,6.20327204937865,-12.4989174222368,-30.4001717408883,26.6853936559494,-9.42490206992071,8.96534736140164,0.859500182813605
Liechtenstein,LIE,GDP per capita growth (annual %),NY.GDP.PCAP.KD.ZG,0.740886089334552,1.87954790344263,..,..,..,..,..,..,..,..,..,..
Lithuania,LTU,GDP per capita growth (annual %),NY.GDP.PCAP.KD.ZG,..,4.14861792867285,3.75632420325671,3.87744054624235,5.88872606993294,5.79066548228593,4.97938353929399,0.068446214406265,6.45535837727842,1.695285500032,-1.05357687282228,2.17864980259621
Luxembourg,LUX,GDP per capita growth (annual %),NY.GDP.PCAP.KD.ZG,4.00981242168632,5.5104089136417,-0.11547655084216,2.73979148676671,-1.11611347517193,-0.329840314332458,0.752174049392224,-2.15417448261604,5.31843087794495,-3.07197647023996,-1.90230848156084,-1.2100374075406
"Macao SAR, China",MAC,GDP per capita growth (annual %),NY.GDP.PCAP.KD.ZG,4.80404528415188,4.96128697751081,-24.3342148018188,-2.16245351057516,10.6136017665803,4.66426775869004,-4.36234107753577,-55.2935602758164,22.9825542159725,-18.3347299128809,74.9210250474262,6.56231424335874
Madagascar,MDG,GDP per capita growth (annual %),NY.GDP.PCAP.KD.ZG,0.129377410638895,1.19450196549229,0.445748708056158,1.31063593376801,1.26236994297058,0.542519018708518,1.73013722889858,-9.49182579621846,2.05115869903585,1.6026818003365,1.66887506096856,1.69312025320663
Malawi,MWI,GDP per capita growth (annual %),NY.GDP.PCAP.KD.ZG,1.5997050726011,-0.830828162365975,0.00792518281976129,-0.256367435160101,1.22138049385239,1.60299745635619,2.9515101541935,-1.82835240679078,1.88076432929152,-1.63749399398691,-0.642220906290575,-0.912638164593119
Malaysia,MYS,GDP per capita growth (annual %),NY.GDP.PCAP.KD.ZG,5.84109356459912,6.33603610574379,3.28578556272301,2.62004557566016,3.96186564548185,3.07401779071937,2.75950122381441,-6.7093351308522,2.13146199778431,7.73357563754043,2.26723785284469,3.83035137439249
Maldives,MDV,GDP per capita growth (annual %),NY.GDP.PCAP.KD.ZG,13.2974405956587,2.14940822069896,0.341527920426657,2.73896015037067,3.57472677178792,5.16982903680598,3.71535274800274,-34.8311671109222,33.7685588624398,12.0990628027296,4.56618167112615,3.14046759606626
Mali,MLI,GDP per capita growth (annual %),NY.GDP.PCAP.KD.ZG,-7.1334325326944,-3.58595570295952,2.96620762317433,2.70047363998611,2.06891771144161,1.64097526491582,1.87829272937594,-4.1067984565496,-0.00652431043852175,0.628812173551424,1.65672929216636,1.94925730152001
Malta,MLT,GDP per capita growth (annual %),NY.GDP.PCAP.KD.ZG,5.25659773464982,18.911491477925,6.97062722408066,1.72282096153398,9.92374326439017,3.46851614170217,-0.0478838227421505,-5.62564990910049,12.829488461795,-0.0182292034453724,6.29189585161325,3.77715973676817
Marshall Islands,MHL,GDP per capita growth (annual %),NY.GDP.PCAP.KD.ZG,0.276656023957813,1.43606867628043,3.96521735177255,4.84812588584671,6.18444127953049,8.38496134170197,13.6597363046024,0.18904949035759,5.46615805932551,2.4956900977942,-1.94973398748974,5.99345708321974
Mauritania,MRT,GDP per capita growth (annual %),NY.GDP.PCAP.KD.ZG,-4.22868516855955,-6.55562473849811,2.25580164537985,-1.72979667450247,3.14237147997393,1.70257047246483,0.139308524548838,-3.22895410596585,-2.12417721486563,3.71273074709404,3.6874901052298,3.2855217223692
Mauritius,MUS,GDP per capita growth (annual %),NY.GDP.PCAP.KD.ZG,6.42594403706144,7.14471594691584,3.55335696562737,3.79113070734437,3.84430800639895,3.9500354872734,2.85812532389771,-14.5484955921362,3.37766873430745,9.02116317337462,6.17485400645448,5.16667893688918
Mexico,MEX,GDP per capita growth (annual %),NY.GDP.PCAP.KD.ZG,3.25104891064525,3.42140514214798,1.60971010585429,0.790955216102532,0.923425358691205,1.01136621686764,-1.33462176883367,-9.10287154605422,5.34306679586261,2.93163505458958,2.45603364564664,0.558373546635821
"Micronesia, Fed. Sts.",FSM,GDP per capita growth (annual %),NY.GDP.PCAP.KD.ZG,1.80262252769936,4.28467728576419,4.1262434088662,0.61049232202113,1.79684086925374,-0.389413059895006,3.72960377273995,-2.2349823183628,2.445766552558,-3.33024479737753,-0.00709494631657037,0.247259311366733
Moldova,MDA,GDP per capita growth (annual %),NY.GDP.PCAP.KD.ZG,..,2.31558560482232,0.429158887977096,5.87017576429136,5.99041199822246,5.92036718190722,5.22280984962049,-7.26326976771907,15.6557976122015,-2.06640428713339,4.11813611077881,2.41476213011262
Monaco,MCO,GDP per capita growth (annual %),NY.GDP.PCAP.KD.ZG,1.71703258668268,3.76615473587731,3.11510490897003,1.57423975069067,-4.23891093966274,4.37923997124996,7.24738037567747,-13.1045741376188,20.7188673661029,10.1116479795959,5.37628226810594,9.42342942977361
Mongolia,MNG,GDP per capita growth (annual %),NY.GDP.PCAP.KD.ZG,-2.00927357459601,-0.187391049653314,0.223539088154311,-0.547071462431205,3.6220070103727,5.75427016552706,3.67988421239794,-6.26542378289111,-0.0614212834574062,3.50307766866899,5.95952333228973,3.82045181254634
Montenegro,MNE,GDP per capita growth (annual %),NY.GDP.PCAP.KD.ZG,..,3.27911916013548,2.37419874424694,3.32318817615919,3.11297073146422,4.65668340285264,4.34144828521134,-14.970505034482,13.3242405343679,7.99214069071184,6.48895040768953,3.16476067540844
Morocco,MAR,GDP per capita growth (annual %),NY.GDP.PCAP.KD.ZG,1.55138144572757,1.11923449171742,3.10634719191513,-0.693616602037565,3.78371209116371,1.91410663270995,1.81642055572905,-8.13866950405836,7.0606299574828,0.779078150413596,2.58793464682357,2.77494467917541
Mozambique,MOZ,GDP per capita growth (annual %),NY.GDP.PCAP.KD.ZG,-0.447724916646848,-1.43002745719546,4.32231286612486,1.67319789859388,-0.38371430909207,0.445674338631605,-0.646283515954551,-4.10527399484737,-0.606316436997986,1.33335997379926,2.41156866266468,-0.791001789666225
Myanmar,MMR,GDP per capita growth (annual %),NY.GDP.PCAP.KD.ZG,1.26080181285046,12.482374612359,6.13960007817474,5.02652118853597,5.31957403505668,5.50179746363222,5.83309474734135,-9.69306034482335,-12.627100008178,3.32202841461704,0.255328677987336,-1.63760945284048
Namibia,NAM,GDP per capita growth (annual %),NY.GDP.PCAP.KD.ZG,-3.94107998949322,1.08624861082079,1.53445826192009,-2.62833210419717,-3.69773452685817,-1.70342664632669,-3.57649160039189,-10.7372931134497,0.588992664401843,2.51308808227621,1.85444870324957,1.41712041604308
Nauru,NRU,GDP per capita growth (annual %),NY.GDP.PCAP.KD.ZG,-5.1599723888407,-6.68214425925784,1.4172709809001,2.30174554349074,-7.78820653423327,-2.16926114572468,7.51652861776262,1.08625303568498,7.14457374271909,2.07566850510726,0.0717850570483023,0.77785683063172
Nepal,NPL,GDP per capita growth (annual %),NY.GDP.PCAP.KD.ZG,2.13356922780787,4.37721035459148,3.4108030002933,-0.0405110299060141,8.76020605401564,7.36009731523737,5.40192160337148,-4.23182776858643,3.02971971240495,4.77665725235042,2.05405906860061,3.81766783822374
Netherlands,NLD,GDP per capita growth (annual %),NY.GDP.PCAP.KD.ZG,3.46827753195377,3.47747780858097,1.66898777013176,1.88065314524779,2.17569091526914,1.66335743670078,1.63214291771632,-4.40052537279003,5.72193522957718,4.0109788096194,-1.57745734337647,0.427291768689813
New Caledonia,NCL,GDP per capita growth (annual %),NY.GDP.PCAP.KD.ZG,1.00084224269344,0.0082048320171566,..,..,..,0.401770467057673,-1.42259825250524,-2.59576600416644,-2.45629457179525,2.81185763592613,1.82579915134372,-14.3184777148637
New Zealand,NZL,GDP per capita growth (annual %),NY.GDP.PCAP.KD.ZG,-0.767240781582061,2.26739583876633,1.60054496622324,1.47418017961533,1.24183177643995,1.6336762235868,0.882643007578949,-2.31391634084866,4.28458318360995,3.55544968252481,-0.912467413170035,-0.387550970211336
Nicaragua,NIC,GDP per capita growth (annual %),NY.GDP.PCAP.KD.ZG,-2.35955546973541,2.67944162568968,3.37914204919937,3.16650951067395,3.24691576299918,-4.62941675714166,-4.14856907147293,-3.4517971097024,9.13330681920195,2.22853832012306,3.00511061205397,2.20198911444788
Niger,NER,GDP per capita growth (annual %),NY.GDP.PCAP.KD.ZG,-4.30134942960251,-4.57504226731116,0.604320140159473,1.92620628769158,1.33285572403285,3.57478885227313,2.43270218960372,0.189464640804786,-1.86257596023195,8.3198637261773,-1.62761880925538,6.73976595652603
Nigeria,NGA,GDP per capita growth (annual %),NY.GDP.PCAP.KD.ZG,8.79614634151086,2.24461411109775,0.081979577825436,-4.01892534268501,-1.61585537268604,-0.406836852099559,-0.0100047593980293,-8.34242347930724,-0.988127022973842,2.15831410306673,1.18123657085347,1.91718752367555
North Macedonia,MKD,GDP per capita growth (annual %),NY.GDP.PCAP.KD.ZG,..,4.07405080631071,4.13429050530651,3.1782257470099,1.48936718625188,3.40375411089484,4.61869501137757,-3.65436823824773,5.59213007924724,3.06193588427661,2.77356173391705,3.18889944421623
Northern Mariana Islands,MNP,GDP per capita growth (annual %),NY.GDP.PCAP.KD.ZG,..,..,4.71604040189382,31.097890849885,25.1775968489283,-18.0505598698509,-9.70326849241671,-28.1627780007682,6.19656514048702,18.9235637680801,..,..
Norway,NOR,GDP per capita growth (annual %),NY.GDP.PCAP.KD.ZG,1.58209283817365,2.65053093720739,0.848799114123295,0.277407788765373,1.63950712591077,0.165560788690883,0.44339856309783,-1.85769609648001,3.35449506555356,2.32282354360895,-1.06055299614016,1.13204599317447
Oman,OMN,GDP per capita growth (annual %),NY.GDP.PCAP.KD.ZG,-5.09719826830693,4.83264880749192,0.438450329868957,0.118553614303224,-2.93490377016138,-0.0452382355009746,-0.985733221362153,-1.91104857604375,3.08530454964595,2.73958764672784,-4.99392969767024,-2.83787602327396
Pakistan,PAK,GDP per capita growth (annual %),NY.GDP.PCAP.KD.ZG,1.02421181151411,1.35619796881565,2.76648640710329,5.19506859858923,2.96623678403046,4.44201942237108,0.778096107046181,-3.03889328268374,4.52304565172781,2.96250287218002,-1.94543125066376,1.50503969652753
Palau,PLW,GDP per capita growth (annual %),NY.GDP.PCAP.KD.ZG,3.26683220063995,-4.01065598578731,7.58608327744872,1.17313151858609,-3.07119789167072,-1.25499460640414,-0.272456364116394,-6.84092605925699,-13.2161327171514,1.64986606087638,2.40051382141797,..
Panama,PAN,GDP per capita growth (annual %),NY.GDP.PCAP.KD.ZG,5.820296592312,2.18230247843243,3.46107394258979,2.77979898980544,3.94788151319156,2.19399066127643,1.47570139893878,-18.9421659787374,15.0695424121278,9.64152425334943,5.77263521106902,1.45504306659862
Papua New Guinea,PNG,GDP per capita growth (annual %),NY.GDP.PCAP.KD.ZG,-5.51131375084334,-5.80069881814661,3.8989789371627,2.91791021651957,1.08692627161339,-2.56991254975047,2.14824964998061,-5.20688760573694,-2.47024589818922,3.73630441950243,1.94776007385025,1.96584743874992
Paraguay,PRY,GDP per capita growth (annual %),NY.GDP.PCAP.KD.ZG,1.33827485725477,-4.18580870385856,1.46452361944058,2.76597250767421,3.32962942295241,1.77964425721512,-1.74219112721019,-2.15166731598009,2.7649134745394,-0.954302474160954,3.71542341761371,2.97101932232356
Peru,PER,GDP per capita growth (annual %),NY.GDP.PCAP.KD.ZG,-7.0636979506673,1.10433498225969,2.09361990664132,2.57623039728159,1.01943141648242,2.1018453903506,0.502286291227506,-11.989123385761,12.2777396432111,1.82762015025182,-1.49255980889144,2.18017278753871
Philippines,PHL,GDP per capita growth (annual %),NY.GDP.PCAP.KD.ZG,0.476020888521106,1.9282797124846,4.7872505574235,5.7212148588973,5.56223020665776,5.03429067114457,4.83577546655691,-10.5488615065624,4.76163916254069,6.76595410569132,4.66769736279124,4.82301240715314
Poland,POL,GDP per capita growth (annual %),NY.GDP.PCAP.KD.ZG,..,5.75502267661936,4.50138467634895,3.07547528252388,5.13933542172569,6.24607110540019,4.60600727341085,-0.861202002378917,8.47171799983406,5.7122759744731,0.616853101336787,3.38947422901255
Portugal,PRT,GDP per capita growth (annual %),NY.GDP.PCAP.KD.ZG,4.17732882710808,3.08905313202446,2.01139554784055,2.32643063621838,3.56700126187077,3.11123658697107,2.72130207848775,-8.30107079726919,4.89913107175563,6.24247031136021,1.69802567248595,1.02697035140542
Puerto Rico (US),PRI,GDP per capita growth (annual %),NY.GDP.PCAP.KD.ZG,-3.7017081142227,2.98675150054237,0.346031006728381,0.289081770174349,-0.903680354883278,-0.869549149955759,1.30600530158883,-3.56474634356229,0.966080975048015,4.31830960037016,1.24540069820311,3.19308375394527
Qatar,QAT,GDP per capita growth (annual %),NY.GDP.PCAP.KD.ZG,0.00102715390097785,2.58659735173823,-3.86139446926616,-2.45109169349175,-4.15596174260121,-0.134744639831709,-1.52202223094245,-8.92441265745882,13.3616375901992,-1.79101615520977,1.58952825429188,-4.86788389922177
Romania,ROU,GDP per capita growth (annual %),NY.GDP.PCAP.KD.ZG,..,2.59397523199067,3.64306941096366,3.45169541464914,8.82266657090874,6.01553045118388,4.50941296110349,-3.06561724934225,6.37801653902932,4.59004052061825,2.19035297025793,0.965042709085722
Russian Federation,RUS,GDP per capita growth (annual %),NY.GDP.PCAP.KD.ZG,-3.16283597296696,10.4637091559227,-2.2762114110788,-0.0904862004782103,1.61387325924203,2.71659271660542,2.14202624717367,-2.52680431743222,6.21857740869952,-1.09717176252111,4.37751097028844,4.55626099351906
Rwanda,RWA,GDP per capita growth (annual %),NY.GDP.PCAP.KD.ZG,-4.92159867307232,7.49987106581409,6.28259221925458,3.48878829333981,1.50906456900377,6.03177996523696,6.97929630145144,-5.51636902603423,8.45600930488553,5.81773274151854,5.8960009035884,6.58326731079626
Samoa,WSM,GDP per capita growth (annual %),NY.GDP.PCAP.KD.ZG,-4.57637405384999,4.27745070826087,2.95226941311462,7.07276114056432,0.460419453590006,-1.6472076564482,3.35744960284687,-4.09792925699939,-5.858576704261,1.56297610835598,14.4879479256995,4.09688706632852
San Marino,SMR,GDP per capita growth (annual %),NY.GDP.PCAP.KD.ZG,..,0.883025780040143,1.53901918424206,1.7136618106599,-1.88769119879011,-0.555259040981809,1.6505086881123,-6.93518932061002,15.6202890686695,9.48711055571971,0.0905880817326192,..
Sao Tome and Principe,STP,GDP per capita growth (annual %),NY.GDP.PCAP.KD.ZG,-4.54035035808427,-0.65084592250922,-0.246825905363622,3.42223386315462,2.46252459071385,2.78057714923384,0.482132360625684,0.716646434339125,-0.17852659147141,-1.75407310474412,-1.6128371937285,-0.902376020183738
Saudi Arabia,SAU,GDP per capita growth (annual %),NY.GDP.PCAP.KD.ZG,4.15776944456925,0.150492543589365,-0.634810334471936,-2.03439520588341,1.10646877226159,5.89707730206987,2.09953683085793,-8.3434729070232,9.17745692710805,7.15912905732745,-4.01429387790023,-2.61945058525819
Senegal,SEN,GDP per capita growth (annual %),NY.GDP.PCAP.KD.ZG,-3.55291522695565,1.41335705319622,3.15103873013858,3.23503572393487,4.3502357301897,3.27615846996514,1.80892290260792,-1.29147593329481,3.8734325976821,1.31913435017567,1.79788238969797,3.62766288039693
Serbia,SRB,GDP per capita growth (annual %),NY.GDP.PCAP.KD.ZG,..,6.39450401120698,1.81545266180656,3.5158880281917,2.90962447502095,5.22266888313776,5.31381889246718,-0.288042264925664,8.97258082321535,5.32139169050186,4.3943385787905,4.52924814890834
Seychelles,SYC,GDP per capita growth (annual %),NY.GDP.PCAP.KD.ZG,6.92914127454473,3.32671456371403,6.51232550996488,10.6277900412689,5.65298679577909,3.94280692985572,4.58155113586345,-12.4901374474458,-0.254097866449726,-6.67665692527599,2.34889965056195,2.11772970143255
Sierra Leone,SLE,GDP per capita growth (annual %),NY.GDP.PCAP.KD.ZG,-0.65885095706804,4.10749847441832,-6.55487587621558,3.96056326178993,0.774679247758442,0.50674429876733,3.08171137743476,-3.50677788869559,3.51527957069044,2.99519003006155,3.41471641633679,2.10273334346427
Singapore,SGP,GDP per capita growth (annual %),NY.GDP.PCAP.KD.ZG,5.63184802412309,7.16598820156491,1.76232468638902,2.41021443466256,4.38437834929044,2.96719699276471,0.15539750940367,-3.51423380533573,14.4308159309526,0.719821622511958,-3.00715571486563,2.32663656705263
Sint Maarten (Dutch part),SXM,GDP per capita growth (annual %),NY.GDP.PCAP.KD.ZG,..,..,-2.02875877780978,-1.0859663357852,-9.30645194996998,-8.53633432632274,9.11581322620327,-14.6336937315718,3.16129245692684,12.364719143786,2.31884254602448,1.57201845444075
Slovak Republic,SVK,GDP per capita growth (annual %),NY.GDP.PCAP.KD.ZG,..,0.925761788954276,5.07697290945579,1.81646959957402,2.71521709643727,3.91808506492153,2.13758470717096,-2.66902849173539,5.88046673143569,0.831412246801008,2.20694498399155,2.02649250952174
Slovenia,SVN,GDP per capita growth (annual %),NY.GDP.PCAP.KD.ZG,..,3.1919411832727,2.31634491842804,2.95902414777296,5.10589384792048,4.00130649890984,2.78704541391961,-4.72524968037921,8.12577517618843,2.47421045586167,1.97100496138407,1.39957708502673
Solomon Islands,SLB,GDP per capita growth (annual %),NY.GDP.PCAP.KD.ZG,-0.930739361805806,-16.2171420100004,-1.90313667351086,1.8954619438627,-0.426120235207534,-0.648914414273463,-0.912183037350545,-5.50324350800385,-2.59513572745166,-4.88870843999941,0.406498798558516,0.584428781115449
"Somalia, Fed. Rep.",SOM,GDP per capita growth (annual %),NY.GDP.PCAP.KD.ZG,2.78932821699011,2.90945170867951,6.72219258601305,2.99347020739935,10.3677043802939,-1.48470237917039,-0.909258009902032,-6.38636194168187,-0.267727633939771,-0.342614533940647,1.01616806512138,0.548466776307393
South Africa,ZAF,GDP per capita growth (annual %),NY.GDP.PCAP.KD.ZG,-3.05210020449451,3.25127058182207,-0.694265293924985,-0.277781475736276,0.49869596172698,-0.1374850396532,-1.3803610544763,-7.67873309598839,3.25562042833964,0.62521727101273,-0.523851146279725,-0.713538079423742
South Sudan,SSD,GDP per capita growth (annual %),NY.GDP.PCAP.KD.ZG,..,..,-9.76929494253935,..,..,..,..,..,..,..,..,..
Spain,ESP,GDP per capita growth (annual %),NY.GDP.PCAP.KD.ZG,3.67576794722082,4.73130032942612,4.14701193619516,2.83577124069477,2.64617061107108,1.93406292039191,1.23303741249605,-11.3931290455953,6.49336738803039,5.60841068844668,1.26057958891062,2.40413218623925
Sri Lanka,LKA,GDP per capita growth (annual %),NY.GDP.PCAP.KD.ZG,5.72394612528907,4.0862744786218,3.25185230562724,3.86979649875681,5.24982935111058,1.28556702964238,-0.829146715022418,-5.12926234602416,3.09278196860629,-7.45361888091261,-1.69162602435424,5.58848090094126
St. Kitts and Nevis,KNA,GDP per capita growth (annual %),NY.GDP.PCAP.KD.ZG,5.7228684529764,8.46930909930006,0.69841246781877,3.95919692482656,0.274193507101955,2.09466207201663,3.06102179372833,-15.1537081395497,0.597261391032816,10.6082200037537,2.91331421745427,0.130203089601792
St. Lucia,LCA,GDP per capita growth (annual %),NY.GDP.PCAP.KD.ZG,8.81855434176092,-1.15852753925388,-0.337052867572226,2.9915396739198,2.97179882236796,2.49445186760282,-1.06027192026241,-24.6114092144696,11.4287492509851,20.2140364685689,1.9225537588581,3.62644896169468
St. Martin (French part),MAF,GDP per capita growth (annual %),NY.GDP.PCAP.KD.ZG,..,..,1.21892477722176,5.54794889038332,-7.15585200915483,-5.8923641662807,11.9233703264347,-5.67034471115365,11.2897229582813,..,..,..
St. Vincent and the Grenadines,VCT,GDP per capita growth (annual %),NY.GDP.PCAP.KD.ZG,3.64619461199149,1.47880127546429,3.33765430602968,4.74804540016839,2.20738641850942,3.90031671690731,1.40193657114291,-3.67618803165428,2.77342166309265,3.91412869594379,6.07793111453327,4.79304780177681
Sudan,SDN,GDP per capita growth (annual %),NY.GDP.PCAP.KD.ZG,-7.12283677545001,3.37132975440942,-1.14810293147822,0.369473161527822,-2.71987452387332,-6.01716755998106,-5.00795943799888,-6.18595807947966,-4.47700779563793,-3.59800846557803,-30.363173571103,-14.6570236407403
Suriname,SUR,GDP per capita growth (annual %),NY.GDP.PCAP.KD.ZG,-5.44552392165917,0.016412852428175,-4.45160318607753,-5.90338246401519,0.547149370341614,3.93294702617604,0.12296002295291,-16.8738740468232,-3.31629942420831,1.54051769500568,1.48474172349111,0.831904488689332
Sweden,SWE,GDP per capita growth (annual %),NY.GDP.PCAP.KD.ZG,-0.0207591788844042,4.46324425617721,3.29020421290397,0.855975824436371,0.519214362381689,0.594886136077946,1.57332206499805,-2.63997048116038,4.5957806799404,0.568648782156174,-0.674701257933236,0.504564017875396
Switzerland,CHE,GDP per capita growth (annual %),NY.GDP.PCAP.KD.ZG,2.61546610719903,3.37615748239699,0.494129645915152,0.960131696221239,0.421326259922779,2.10552471989985,0.423089633793808,-2.85415823647342,4.75464519304134,2.1924092887961,-0.582278335714477,-0.0110810035101565
Syrian Arab Republic,SYR,GDP per capita growth (annual %),NY.GDP.PCAP.KD.ZG,0.439572643041046,-1.80421522520456,0.00846503865736281,-5.28022453338099,-0.882509407808485,-0.435918888364867,-2.63689452644155,-3.98011071488936,-0.874333294023842,-3.00434829701605,..,..
Tajikistan,TJK,GDP per capita growth (annual %),NY.GDP.PCAP.KD.ZG,-3.02147591045924,7.00808967496647,3.34193519398252,4.2256886170877,4.50305161526772,5.04059320866072,4.89098971791482,2.05116680370303,7.01157366120653,5.71622455034235,6.13628181088259,6.34141937002055
Tanzania,TZA,GDP per capita growth (annual %),NY.GDP.PCAP.KD.ZG,4.29914682952561,1.59942658531416,2.77038211960942,3.30400665890222,3.23688527604725,2.24213027557943,2.71005881950599,-0.998987836780785,1.25401761079502,1.54299792361155,2.08099243052513,2.5538482690819
Thailand,THA,GDP per capita growth (annual %),NY.GDP.PCAP.KD.ZG,9.36095058683009,3.28023479514871,2.65971785318402,2.96944155296718,3.73797800283087,3.90762624173355,1.90583495758329,-6.20637326420599,1.43062175645008,2.56894316437668,2.06455231923211,2.59107416696065
Timor-Leste,TLS,GDP per capita growth (annual %),NY.GDP.PCAP.KD.ZG,..,77.0895736636832,0.50481165896521,1.06590529631157,-4.99167831534328,-2.35863567554246,21.8272415651768,29.2315968537651,3.49004182057652,-21.6343437136427,-19.0224448140371,-10.161913982094
Togo,TGO,GDP per capita growth (annual %),NY.GDP.PCAP.KD.ZG,-3.12127104191437,-3.48137743099034,2.84283067512166,1.62761006802251,1.44098718199137,2.23660975297031,2.39010092347198,-0.272860217710488,2.65816955613427,3.82282707918289,3.74285776726366,4.17083175833358
Tonga,TON,GDP per capita growth (annual %),NY.GDP.PCAP.KD.ZG,-2.33589597538769,3.1164781634571,1.6036112932528,7.1755196846192,3.36688225938528,0.326899215374226,-0.381461325779526,1.77247797101046,-0.733960091098751,-1.71112661451836,3.22745653546359,..
Trinidad and Tobago,TTO,GDP per capita growth (annual %),NY.GDP.PCAP.KD.ZG,0.649239418538244,6.49101487437005,-0.725356979544244,-7.82511237114002,-5.06473832096466,-1.13201603020309,0.114767755861862,-8.97165770967038,-0.777215541824603,0.990715463329252,1.33995194217194,2.44755276913735
Tunisia,TUN,GDP per capita growth (annual %),NY.GDP.PCAP.KD.ZG,5.70836371358358,3.54145974209786,-0.165402101671091,0.00849827158573646,1.18340493178839,1.60391587948506,0.613127731689971,-9.72752601384167,4.08785924151975,2.15276458662672,-0.481913639518325,0.979801739421518
Turkiye,TUR,GDP per capita growth (annual %),NY.GDP.PCAP.KD.ZG,7.23962032231525,5.62145840894716,4.4033792666971,1.9428315705164,6.43664614092381,2.07704135618785,-0.136378469205951,0.819957444576985,10.797736075363,4.40815937187469,4.61909774991381,3.09479882124933
Turkmenistan,TKM,GDP per capita growth (annual %),NY.GDP.PCAP.KD.ZG,31.8527372518528,3.38607015598539,4.09291832714018,3.79096200658724,4.09374782222559,3.83102484770528,3.98119112698603,3.67579761156229,4.07165530742274,4.17079684424029,4.36243135913014,4.45469950237209
Turks and Caicos Islands,TCA,GDP per capita growth (annual %),NY.GDP.PCAP.KD.ZG,..,..,6.58611583730091,2.46456149346457,67.5979946960904,2.52456646348665,1.07340727929571,-35.6362101547339,27.1739181653097,12.5841107323701,12.8670493869653,4.87181797375062
Tuvalu,TUV,GDP per capita growth (annual %),NY.GDP.PCAP.KD.ZG,13.5925110252331,-1.46854206811803,10.6281735534677,5.97938856186022,3.02336313631166,2.5000826037985,15.650825095542,-2.59958228889671,3.8514037023984,2.71261925845695,5.71488075368194,..
Uganda,UGA,GDP per capita growth (annual %),NY.GDP.PCAP.KD.ZG,3.08537625148307,-0.0506112736721605,2.00429943099081,1.35743312909598,-0.406390812740796,2.75300382511665,2.88958690241905,-0.423922683361482,0.258075577364949,1.48927085105888,2.42759459782118,3.17493921238938
Ukraine,UKR,GDP per capita growth (annual %),NY.GDP.PCAP.KD.ZG,-6.59041563631982,6.79706549402465,-9.27686663817931,2.94151228987063,2.86027869650954,4.09937975447431,3.87284698333255,-3.08458576352871,4.41050883289091,-22.7456813021158,15.4480219876898,2.53118166051888
United Arab Emirates,ARE,GDP per capita growth (annual %),NY.GDP.PCAP.KD.ZG,11.5726645148372,3.63193280286305,1.47473600077311,0.574841518832997,-4.15218113866617,0.195794810557288,0.209030520233554,-8.258825738052,2.65160401509495,2.18063316393284,0.234354339957449,-0.766018786578641
United Kingdom,GBR,GDP per capita growth (annual %),NY.GDP.PCAP.KD.ZG,0.478455932040106,4.15158061382745,1.40598896714546,1.39799087279013,2.46254947655839,1.05651160071312,0.736576132017404,-10.2001887936603,8.15420782581518,4.18537017111771,-1.02837368059031,0.0541839994899789
United States,USA,GDP per capita growth (annual %),NY.GDP.PCAP.KD.ZG,0.741486717782863,2.92586254370109,2.12741138123612,1.02266589117943,1.75014094923958,2.36444249943987,2.05676590328193,-2.56180738534749,5.88834103890834,1.92386172918107,2.03559987540991,1.79419235153047
Uruguay,URY,GDP per capita growth (annual %),NY.GDP.PCAP.KD.ZG,-0.288978937190848,-2.29597374962009,0.0225745559950212,1.35078037686081,1.46549073530204,-0.0151011267874139,0.848968097010115,-7.40535234478858,5.91510198505092,4.66439124923403,0.826336249281525,3.15371074530447
Uzbekistan,UZB,GDP per capita growth (annual %),NY.GDP.PCAP.KD.ZG,-0.821590189756222,2.53200282225691,5.38345590914129,4.11984456589953,2.64127716153368,3.7517684514097,4.86486140745366,-0.316556159759102,5.960906100364,3.89199511169356,4.16467615314973,4.42179800265912
Vanuatu,VUT,GDP per capita growth (annual %),NY.GDP.PCAP.KD.ZG,8.92712683802395,3.5178018108289,1.67602106503972,1.19513802690024,2.00579895676259,0.464610871247203,0.86298251414631,-7.17743078607894,-3.80855711163811,2.77435704923444,-0.252371345822354,-1.32686347809192
"Venezuela, RB",VEN,GDP per capita growth (annual %),NY.GDP.PCAP.KD.ZG,3.90059129953893,1.74180263726997,-7.20256924845928,-17.557382467255,-15.1185209906493,-17.6129210502629,-25.4843294022527,-28.7827745677021,1.69281877474855,8.09588326352406,3.6788972037278,4.91191547368044
Viet Nam,VNM,GDP per capita growth (annual %),NY.GDP.PCAP.KD.ZG,2.92330784870207,5.58792950410756,5.66896478541561,5.35427097241221,5.61787865063133,6.28095828201967,6.32464886581907,1.91581434772165,1.66651604176819,7.7256990880817,4.36194957647844,6.4172854315141
Virgin Islands (U.S.),VIR,GDP per capita growth (annual %),NY.GDP.PCAP.KD.ZG,..,..,-0.26792231561096,1.78607056891147,-0.517853882355141,2.14490182532539,3.22863068505148,-1.26412494613658,4.07886990081306,-0.883383819313323,..,..
West Bank and Gaza,PSE,GDP per capita growth (annual %),NY.GDP.PCAP.KD.ZG,..,-10.8625929085069,1.37258508832343,6.44666146094556,-0.577622802403482,-1.30481419195327,-1.15161366535136,-13.4963869730477,4.41469534491321,1.58856471383393,-6.81291948696484,-28.2706767006663
"Yemen, Rep.",YEM,GDP per capita growth (annual %),NY.GDP.PCAP.KD.ZG,..,2.96401092010485,-30.1507550992904,-12.0553743505045,-7.88861205244282,-2.186490192267,..,..,..,..,..,..
Zambia,ZMB,GDP per capita growth (annual %),NY.GDP.PCAP.KD.ZG,-2.99842702237687,1.01793976595019,-0.241301067013211,0.593979723633794,0.398377780872721,0.9537337347912,-1.51894951073589,-5.56773502453288,3.28575461102756,2.34336450166037,2.46464031100994,0.941472566904864
Zimbabwe,ZWE,GDP per capita growth (annual %),NY.GDP.PCAP.KD.ZG,4.11277570329895,-3.94437178277245,0.425141539219794,-0.633234613329265,3.23409642689352,3.45954562738599,-7.78558358121073,-9.33397144870511,6.61191108683749,4.34366718315964,3.59876695621327,-0.0530786093100204
Africa Eastern and Southern,AFE,GDP per capita growth (annual %),NY.GDP.PCAP.KD.ZG,-2.70791966573429,0.537869667932483,0.195170651571047,-0.531578202025244,0.000238209279459056,-0.0649911495143698,-0.709406765771149,-5.40593357050348,1.8444037839531,1.06800535315368,-0.604581556777575,0.253854331195157
Africa Western and Central,AFW,GDP per capita growth (annual %),NY.GDP.PCAP.KD.ZG,2.8274932163076,0.994886215857235,0.191502169894335,-2.448315415498,-0.35528342283655,0.330201879420301,0.792057670409577,-6.00341571014458,0.154017883433298,2.06440092156687,1.21811016774997,2.10705761976354
Arab World,ARB,GDP per capita growth (annual %),NY.GDP.PCAP.KD.ZG,4.36034910489158,3.79900626540966,0.841385353272713,1.20005015705689,-0.683666016944343,0.863489188054572,-0.149221493431284,-7.2717016651565,2.86203676758473,4.57737303356167,-0.632130794121252,-0.465645606406866
Caribbean small states,CSS,GDP per capita growth (annual %),NY.GDP.PCAP.KD.ZG,-0.887642090128111,3.87116901688773,-0.741063880305461,-3.68614130235501,-1.30939037035945,0.2575212910983,0.0696850601913184,-9.35899413504561,6.05934640699263,14.4216347499392,8.29427799675571,12.8347154176786
Central Europe and the Baltics,CEB,GDP per capita growth (annual %),NY.GDP.PCAP.KD.ZG,..,4.53372548795737,4.31204221003165,3.13299455851259,5.42597139042387,5.22410481974593,4.24668559576298,-2.6815496242549,7.64645668280259,4.18144421484683,0.59494273247094,2.19434751608472
Early-demographic dividend,EAR,GDP per capita growth (annual %),NY.GDP.PCAP.KD.ZG,2.53879511814728,2.42433145888793,2.82086052831951,2.76043398851439,3.17780003225549,2.35174594329304,1.02710133608998,-5.45931124778201,6.38306600309689,4.84146548742557,3.37497313326639,2.48201111834065
East Asia & Pacific,EAS,GDP per capita growth (annual %),NY.GDP.PCAP.KD.ZG,3.51692474724985,4.47090172410422,3.96967489917451,3.92248572427516,4.3237601653433,4.16544271243899,3.50568994525069,-0.464897458686579,6.0897529368962,2.80486586781723,3.99483126608334,3.62157739322807
East Asia & Pacific (excluding high income),EAP,GDP per capita growth (annual %),NY.GDP.PCAP.KD.ZG,3.46985091190936,6.65809443543255,5.84866464564109,5.71645306186961,5.86170891690112,5.85449606918067,5.3048192619314,0.887834517852951,7.38136444401147,3.30512298957821,5.05992141197649,4.78523520105803
East Asia & Pacific (IDA & IBRD countries),TEA,GDP per capita growth (annual %),NY.GDP.PCAP.KD.ZG,3.46686840098573,6.65312432990524,5.84494860392293,5.71276197597366,5.85753319606061,5.85160943949576,5.30288306232542,0.886776486016345,7.38176610732009,3.30679217453297,5.06187408175956,4.78710022436599
Euro area,EMU,GDP per capita growth (annual %),NY.GDP.PCAP.KD.ZG,3.11508796795546,3.58004246866726,1.86032612542965,1.51981360328826,2.42107661283057,1.46961091971517,1.43728350948204,-6.18928290205868,6.36937449168451,3.36361376618473,0.024539997195987,0.509823988582525
Europe & Central Asia,ECS,GDP per capita growth (annual %),NY.GDP.PCAP.KD.ZG,1.76912964364153,4.27766979333863,1.62980421272358,1.45264957117041,2.56223783714005,1.75609559522334,1.46521348747058,-5.55834990681196,6.7168662470843,3.40727639377316,0.987474710094389,1.18442333299471
Europe & Central Asia (excluding high income),ECA,GDP per capita growth (annual %),NY.GDP.PCAP.KD.ZG,1.54839472429447,6.36656868961924,2.51841690986394,1.87541912897467,5.09858021431997,2.88087805105393,1.68384316728904,-0.43469869197817,8.62244735458448,3.63589215062434,5.79390038023384,3.33421790506078
Europe & Central Asia (IDA & IBRD countries),TEC,GDP per capita growth (annual %),NY.GDP.PCAP.KD.ZG,-2.08026008120082,7.43674681602835,0.927776383818824,1.3583841485533,3.89322373020408,3.3671874261733,2.37390326607874,-1.65148280439405,7.53001121872036,2.43020032466445,4.35573906219832,3.5497901082626
European Union,EUU,GDP per capita growth (annual %),NY.GDP.PCAP.KD.ZG,2.94797903830874,3.80934196534804,2.17071249968373,1.71749704338681,2.66932608644525,1.81576676470432,1.74290501624199,-5.57053571427747,6.53118050391186,3.33569246731338,0.07504413828417,0.765863036115192
Fragile and conflict affected situations,FCS,GDP per capita growth (annual %),NY.GDP.PCAP.KD.ZG,2.45248481726964,2.81278504220981,-2.0279423521918,-1.72835269668255,-0.915863404187917,-0.743278511090566,-1.37952523900893,-9.44805439854358,-0.666226066226557,-0.28964453832323,0.150623349685404,-0.325423828847875
Heavily indebted poor countries (HIPC),HPC,GDP per capita growth (annual %),NY.GDP.PCAP.KD.ZG,-3.74485924650803,0.120961348601952,1.95976181230803,1.36655383848243,2.01414858279972,1.25376338614562,1.34544636612257,-2.74240733573731,1.61503082084513,2.17828012043016,0.82361559120659,2.45204190896038
High income,HIC,GDP per capita growth (annual %),NY.GDP.PCAP.KD.ZG,1.99883785316013,3.7536521731144,1.70612240437491,1.23315513904947,2.04890908935135,2.02904651006463,1.5524004380672,-4.14631820678777,5.97973355968308,2.58926874968886,1.09060081722778,1.25599878361359
IBRD only,IBD,GDP per capita growth (annual %),NY.GDP.PCAP.KD.ZG,0.237955104315304,4.61736814285689,3.28750199341235,3.45152119561594,4.18697786701952,3.96167218770474,3.17320204006589,-1.95432175518853,7.03520467761192,3.2860587802822,4.30928995513096,3.78154809238964
IDA & IBRD total,IBT,GDP per capita growth (annual %),NY.GDP.PCAP.KD.ZG,0.223869182887,4.17452412651156,2.93147529148001,3.04848084332198,3.76975883882243,3.5679188144543,2.78510519634749,-2.3911940922024,6.2975269574066,2.87762714178281,3.71469879343319,3.32850849586042
IDA blend,IDB,GDP per capita growth (annual %),NY.GDP.PCAP.KD.ZG,2.80432157621362,0.867799913654977,1.7546859479457,0.283386002644619,0.764984608084958,1.80525454130611,0.998562412035241,-5.21174570136725,2.21278970215491,2.75662207523193,0.891054477124868,2.12493970654644
IDA only,IDX,GDP per capita growth (annual %),NY.GDP.PCAP.KD.ZG,-1.20084179059833,1.93994402917535,0.849661851719617,1.92233042853553,2.88005063090968,2.50663726685738,2.42125194358948,-2.65010535332699,1.35482688702754,2.03977680626967,0.986851347088958,2.24369995559334
IDA total,IDA,GDP per capita growth (annual %),NY.GDP.PCAP.KD.ZG,1.13368169818548,1.43037185847604,1.29317871794386,1.04794827100012,1.77091780292193,2.11616674274062,1.6660222465388,-3.95326879417783,1.73771239659565,2.35620216524586,0.895104674143113,2.13633355241049
Late-demographic dividend,LTE,GDP per capita growth (annual %),NY.GDP.PCAP.KD.ZG,-1.1011621406012,6.1947133677841,4.01152074611161,3.77408848981564,4.57016804205644,4.86524591602885,4.27142710168273,-0.0787494561824644,7.40831153759763,3.12379475861795,4.31595235454851,4.38292871418244
Latin America & Caribbean,LCN,GDP per capita growth (annual %),NY.GDP.PCAP.KD.ZG,-2.04386661941184,2.12538093660966,-0.736675500628365,-1.66242880660762,0.638754446535984,0.364091241474497,-0.499274095704124,-7.5151096898235,6.44763628230982,3.46781438228972,1.54855373459952,1.54797977583266
Latin America & Caribbean (excluding high income),LAC,GDP per capita growth (annual %),NY.GDP.PCAP.KD.ZG,-2.35213381570934,2.11961887592864,-0.73199252295953,-1.49513488040375,0.980338668982327,0.514966014501425,-0.385193480389574,-7.32262459413953,6.20590981558784,3.27887443793587,1.43176976876009,1.24055605710321
Latin America & the Caribbean (IDA & IBRD countries),TLA,GDP per capita growth (annual %),NY.GDP.PCAP.KD.ZG,-1.93753669892322,2.06470257280837,-0.820276485459217,-1.71342758215572,0.669063631445212,0.40461429059286,-0.542988992208265,-7.46111054279555,6.61848563215163,3.46893098786576,1.59965853888176,1.55006254052643
Least developed countries: UN classification,LDC,GDP per capita growth (annual %),NY.GDP.PCAP.KD.ZG,-2.55728477653766,1.7932862998492,0.378136822258739,1.24732983570786,2.05674550436545,2.21625783206277,2.44383933876571,-2.44667530987067,0.499470101375124,2.40498116298488,0.699955236639994,1.4997588994911
Low & middle income,LMY,GDP per capita growth (annual %),NY.GDP.PCAP.KD.ZG,1.04677982647961,3.93751381008944,3.35462746577417,3.41494461933769,4.00562094840591,3.70452571488462,2.92505220549906,-2.22311442411187,6.30209728894755,3.03670016485059,3.83993000076501,3.33317833043748
Low income,LIC,GDP per capita growth (annual %),NY.GDP.PCAP.KD.ZG,-5.77221690109968,0.179487066576712,-4.43712314048801,-2.07115901042685,-0.834230637347915,0.00506895210124014,0.0883363671423609,-3.91188565294092,-1.43402362536942,0.665687962311125,-2.88457214293985,-0.431562207186829
Lower middle income,LMC,GDP per capita growth (annual %),NY.GDP.PCAP.KD.ZG,2.51617911426987,2.12396193920689,4.31010742797753,4.11941268614365,3.91053663870605,3.94060185835833,2.64076487721682,-5.264248988221,5.15005667286816,4.94523063387228,4.71237036344134,3.85973768844082
"Middle East, North Africa, Afghanistan & Pakistan",MEA,GDP per capita growth (annual %),NY.GDP.PCAP.KD.ZG,5.00603496346059,3.9105895945668,0.769277917402576,2.60801612911121,0.391890784857125,0.791165236272889,-0.0982006174738359,-5.33009404685959,3.5073642481168,4.43679682623204,0.278616203328113,0.18538812740114
"Middle East, North Africa, Afghanistan & Pakistan (excluding high income)",MNA,GDP per capita growth (annual %),NY.GDP.PCAP.KD.ZG,6.16959943882868,3.42237326917181,-0.604842991894543,3.85304807079763,1.68282336024168,0.31617067776979,-0.40214277468705,-4.32765441714838,2.56577593677952,2.57516166281439,1.07954471169688,0.484158124105761
"Middle East, North Africa, Afghanistan & Pakistan (IDA & IBRD)",TMN,GDP per capita growth (annual %),NY.GDP.PCAP.KD.ZG,6.75408067632188,3.53328397291361,-0.620739838303209,3.83168428604507,1.70089464941205,0.328331415918655,-0.396916211949957,-4.25511974466102,2.55215277928977,2.5822446001366,1.13802408494519,0.682598330428874
Middle income,MIC,GDP per capita growth (annual %),NY.GDP.PCAP.KD.ZG,1.19804449382084,4.06733314259297,3.55977390805646,3.59603410484164,4.18723161965642,3.88291764165317,3.10382343595373,-2.06094488953546,6.5545016348287,3.22067257835531,4.08594204461367,3.54301515223297
North America,NAC,GDP per capita growth (annual %),NY.GDP.PCAP.KD.ZG,0.563107141233161,3.02812437689315,1.94760118036193,0.926061167821771,1.74400056322017,2.25839584129849,1.90509345167946,-2.85385206673897,5.83668186440146,1.92138164111387,1.71033834019217,1.48577449165037
Not classified,INX,GDP per capita growth (annual %),NY.GDP.PCAP.KD.ZG,..,..,..,..,..,..,..,..,..,..,..,..
OECD members,OED,GDP per capita growth (annual %),NY.GDP.PCAP.KD.ZG,2.03891385821542,3.38358033239503,1.87785864067102,1.21893880306618,2.00912212945474,1.73497111872246,1.27273225543361,-4.25172726812703,5.78432684363432,2.58793345160665,1.13771760092011,1.15231004615582
Other small states,OSS,GDP per capita growth (annual %),NY.GDP.PCAP.KD.ZG,3.07549549087673,6.98081673443964,2.19438711041253,2.97316828163399,3.85663116302722,3.10362098447028,3.00016732105183,-6.82487650611408,6.93254890369701,3.06589843930138,2.21880056414282,2.01015816134924
Pacific island small states,PSS,GDP per capita growth (annual %),NY.GDP.PCAP.KD.ZG,2.09433079223014,-2.88477265229781,2.65848978175927,2.38484005774976,2.57970696819001,1.42746309116907,0.0850091885625375,-11.178473460178,-3.81568047733052,7.21815863879054,5.60988451444753,2.13023100559637
Post-demographic dividend,PST,GDP per capita growth (annual %),NY.GDP.PCAP.KD.ZG,2.05803082110077,3.54045979773565,1.78134919091057,1.34527072340545,2.09679756822752,1.87530341050142,1.49272130539835,-4.24653175893069,5.72848338169605,2.71804589310725,1.47572526546938,1.15835257357264
Pre-demographic dividend,PRE,GDP per capita growth (annual %),NY.GDP.PCAP.KD.ZG,5.32443448897044,2.55973704375705,0.181829679038486,-0.434138445615503,-1.14338819579869,-0.135464700556014,0.465943631740018,-6.6052357566782,-0.268411877394215,2.06352561321957,-0.118876526791013,0.722534822065143
Small states,SST,GDP per capita growth (annual %),NY.GDP.PCAP.KD.ZG,1.2789030766277,5.37202553396823,1.18329039736382,0.735704384818135,2.15061144391007,2.15710662809518,2.00039254990668,-7.77905714423392,6.15791396712373,6.32204425610585,4.09009938024445,5.26940640827121
South Asia,SAS,GDP per capita growth (annual %),NY.GDP.PCAP.KD.ZG,3.32328731061125,2.15841091909901,6.4617391741595,6.73733729876977,5.60196771937704,5.27934085504376,3.04100951066972,-5.90537298008972,8.33028192650551,6.24173655777911,7.55433820267355,5.29503146643988
South Asia (IDA & IBRD),TSA,GDP per capita growth (annual %),NY.GDP.PCAP.KD.ZG,3.32328731061125,2.15841091909901,6.4617391741595,6.73733729876977,5.60196771937704,5.27934085504376,3.04100951066972,-5.90537298008972,8.33028192650551,6.24173655777911,7.55433820267355,5.29503146643988
Sub-Saharan Africa,SSF,GDP per capita growth (annual %),NY.GDP.PCAP.KD.ZG,-0.546857502423137,0.723664781943882,0.1936142856446,-1.41348557528737,-0.162680870934551,0.105204898423807,-0.0398203828859636,-5.69478945537234,1.05955638175814,1.50504262495836,0.214604156058897,1.09736188644867
Sub-Saharan Africa (excluding high income),SSA,GDP per capita growth (annual %),NY.GDP.PCAP.KD.ZG,-0.469407573572099,0.714554224091273,-0.0708722890952629,-1.72207898529993,-0.442090802118685,-0.0660860789963493,-0.293239453515355,-6.11520973147536,0.973685385833974,1.44652961413331,0.0195988297969905,0.886394285803476
Sub-Saharan Africa (IDA & IBRD countries),TSS,GDP per capita growth (annual %),NY.GDP.PCAP.KD.ZG,-0.546857502423137,0.723664781943882,0.193614285644571,-1.41348557528732,-0.162680870934551,0.105204898423764,-0.0398203828858783,-5.69478945537233,1.05955638175814,1.50504262495834,0.214604156058911,1.09736188644867
Upper middle income,UMC,GDP per capita growth (annual %),NY.GDP.PCAP.KD.ZG,1.07075678712263,4.95337561227957,3.64522902064131,3.73735608309609,4.52333824410101,4.13658309435002,3.50854538115179,-0.912965696976485,7.27565155283804,3.1927038297779,4.36253868088721,3.8536236621981
World,WLD,GDP per capita growth (annual %),NY.GDP.PCAP.KD.ZG,0.964671239758701,3.13856242760413,1.89985030656202,1.60299529228149,2.28826822668024,2.16423195881895,1.61279143424787,-3.84788423011317,5.52976739411832,2.5096434833969,1.9973392951708,1.88956371850588
,,,,,,,,,,,,,,,
,,,,,,,,,,,,,,,
,,,,,,,,,,,,,,,
Data from database: World Development Indicators,,,,,,,,,,,,,,,
Last Updated: 01/28/2026,,,,,,,,,,,,,,,
